age,rate
0-6m,5338.91375
6-12m,1751.145228
12-24m,715.9402014
24-60m,208.4621667
5-9y,10.86702733
10-14y,2.58129891
15-54y,2.935037642
55-59y,9.348531561
60-64y,14.3538506
65-69y,22.62406397
70-74y,32.94296492
75+y,87.63366855
,
,
,
,
,
,
,
